id,organization_id,title,description,is_appointment,created_at,updated_at,slug,searchable_by_organizations,is_searchable,last_verified_at,marked_deleted,deleter_id,region
1,53509366883,Forget recently daughter short participant.,Responsibility defense each star. Administration agency speech consumer. Tonight what apply team dinner issue factor.,1,2019-04-03 01:48:44,2019-08-09 15:25:25,forget_recently_daughter_short_participant.,Tv ask attention police then low news. Amount agency material data rise director unit generation.,1,2020-04-01 19:42:56,1,29668588799,Los Angeles
0,87808048208,Probably future point clear else lay think.,Fund activity public present animal consider attorney. Offer government case. Whole sit type trip answer laugh.,1,2019-10-20 02:01:48,2020-06-30 23:09:34,probably_future_point_clear_else_lay_think.,Maintain almost bring certainly. Actually life miss court reality past.,1,2020-06-05 14:11:08,1,84957826795,Los Angeles
1,20680379154,Management develop as describe herself child.,Pretty very court anything magazine suffer any. Their task much his. Give early force watch.,1,2021-02-09 05:25:40,2021-02-25 21:17:56,management_develop_as_describe_herself_child.,Turn experience bad letter that. From reality small blood. Arm traditional check what since support.,0,2020-06-19 14:02:10,1,64336541338,Los Angeles
0,27389435792,Although nice month level role customer news.,Turn miss present financial consider worry add. Protect scientist wife machine worker. First kid more listen southern hour something letter.,1,2019-04-26 08:09:34,2021-02-27 14:51:50,although_nice_month_level_role_customer_news.,Reality election able catch enter sign relate. Nearly democratic assume major while. Old red cup decision national bag.,0,2021-01-25 15:03:38,1,64818841427,Los Angeles
1,80183172661,Fine look west discuss month bank skin.,Catch personal step room citizen.,0,2019-01-14 20:58:14,2019-02-15 14:58:19,fine_look_west_discuss_month_bank_skin.,Expert same course hope scene. Total various station blood. Agent tell line may understand door section. Point old doctor wrong crime.,0,2020-07-14 14:06:50,1,35651204565,Los Angeles
0,69864804603,Your human spend sort rich minute all.,Common decision guess citizen event Democrat film. Sing up really need environmental rise administration poor. Consider husband strategy if top action door.,0,2020-04-03 09:53:39,2020-05-24 00:00:48,your_human_spend_sort_rich_minute_all.,Control memory our Mrs school. Responsibility available course method senior other yeah. Set treatment sort.,1,2020-03-17 21:51:04,1,66344816240,Los Angeles
1,18681505743,Perhaps later participant decision kitchen.,Firm soldier bill college study require thing. Skill together large because recently under performance change. Tax worry perform left.,0,2019-07-31 03:13:52,2020-12-09 23:58:37,perhaps_later_participant_decision_kitchen.,Attorney must me include.,1,2020-03-19 00:12:23,1,91688108277,Los Angeles
0,72141624766,Which radio cultural current practice.,Audience onto though pretty evidence determine table. Quality southern create. Cover doctor support.,1,2020-06-27 05:19:03,2020-12-22 22:32:22,which_radio_cultural_current_practice.,Whatever common you close. Later past organization show once media. Goal factor rather reduce maintain fear analysis defense.,0,2020-09-08 11:13:54,1,76826926463,Los Angeles
0,38774447289,Trip catch claim her capital run activity.,Pay risk sign body certain boy. Standard must arrive month enjoy.,0,2020-09-02 04:24:39,2020-09-06 18:10:56,trip_catch_claim_her_capital_run_activity.,Anything parent fight company voice gas. Give give bill out role understand. All blood parent sign spring evening main.,0,2020-04-09 09:07:07,0,88351559330,Los Angeles
1,42429106867,Add focus outside contain.,Range sing radio modern high. First approach indeed lawyer message toward.,1,2019-01-26 06:36:03,2020-02-03 20:42:20,add_focus_outside_contain.,Friend level north. Conference however per if mother else. Floor recently indicate. Mind large interesting third week society leg present.,1,2020-07-08 02:38:35,0,28471992639,Los Angeles
0,32074788674,Product garden woman contain.,Forward thousand leader parent. Reach give later these decade reflect. Thank quality unit establish guy.,0,2020-12-14 16:15:24,2020-12-18 22:18:07,product_garden_woman_contain.,They term value lead knowledge listen one provide. Program region south newspaper argue determine left. Seem this necessary fight together century.,1,2020-06-01 19:30:27,1,57542404241,Los Angeles
0,66681444441,Like group exactly enter.,Rise better cultural onto see indeed though tax. Try home land hand focus thought.,0,2020-12-17 07:35:11,2021-02-02 20:44:11,like_group_exactly_enter.,Really have inside boy less. Agree letter western growth break upon piece. Strategy always thing scene evening accept trip.,0,2020-05-28 19:20:18,0,52319593692,Los Angeles
0,17415343012,Effect data consider federal.,Those executive project kind. Feeling believe author western.,1,2019-03-22 05:22:29,2021-01-03 11:13:22,effect_data_consider_federal.,World fact woman statement. Different land knowledge grow. Cell probably western election. Change really purpose tax improve animal.,0,2020-08-12 17:05:50,1,19392208548,Los Angeles
0,92478148325,Hotel arm past budget increase ready accept.,Health new reality prevent fine follow. Teach need either.,0,2019-10-22 17:58:43,2020-09-26 22:15:31,hotel_arm_past_budget_increase_ready_accept.,Kid doctor detail. When view finally fine.,0,2020-05-30 08:22:19,1,83073616386,Los Angeles
1,65587123018,This agency interesting may sure.,Meeting media suffer. Miss building then get especially list happy down. Explain try pick activity important.,1,2019-11-23 14:04:33,2021-01-28 02:52:27,this_agency_interesting_may_sure.,Lot maybe artist manage if thousand. Interesting protect what consider her. Black society soon particular. Interview admit style manager trouble.,0,2020-10-21 22:44:17,1,78245150216,Los Angeles
0,28761026139,Page time movie onto against.,Full tonight give theory long financial. Learn we even knowledge to. Radio assume picture both budget of.,0,2019-12-18 04:07:45,2020-03-25 04:45:38,page_time_movie_onto_against.,Blue rock finish hear. Account age world dark morning attack. Carry stay rise.,1,2020-03-16 02:09:51,0,77852799614,Los Angeles
0,23055966702,Each wide article yourself others.,Drop language add suddenly oil only responsibility. Market hundred follow with blue life. Spend mother great include explain and buy.,0,2020-12-11 21:38:53,2021-02-09 00:48:39,each_wide_article_yourself_others.,Risk drive thank morning collection. Street budget forward south. Treatment voice war leader player.,1,2020-10-17 10:15:02,1,64333548538,Los Angeles
1,68653945696,Citizen kitchen become law serious.,Person book feel scientist majority office. Religious charge hospital seat go according. Enough quite open white. Center church fly daughter east significant attorney.,1,2019-07-17 19:02:12,2020-08-13 05:04:18,citizen_kitchen_become_law_serious.,Happen knowledge bill be become trip. Road nice cold approach bring. Yard color country above church article.,0,2020-04-30 11:10:02,1,48796003514,Los Angeles
1,64169840712,Mission truth much.,Everyone and western. End enough its soon thought too however own.,0,2020-07-20 03:30:09,2021-02-14 15:01:35,mission_truth_much.,Western energy fly score take. Painting still the human already race. Outside nice couple might story thus.,0,2020-03-11 11:26:41,1,95514470453,Los Angeles
1,82319489741,Loss behavior model child interesting when.,Loss produce effort strategy executive. Reach score between partner close. Buy democratic art system husband out argue. Student learn blood voice too.,0,2019-08-17 06:28:35,2020-08-27 21:38:24,loss_behavior_model_child_interesting_when.,Range development discuss community scene property. Score until performance north care perform feel.,0,2020-05-22 14:39:12,1,40110687299,Los Angeles
0,37986418978,Each reach country.,Start authority night wind. East control human lawyer strategy only.,1,2019-10-26 03:48:32,2020-08-20 14:32:24,each_reach_country.,Stop heart have lay stage successful heavy.,1,2020-09-11 05:12:36,1,65407414673,Los Angeles
1,37276873913,Contain institution successful risk.,Its side language character eat quite. Character affect film allow like above. Figure chair improve thank trade go.,1,2020-10-02 23:18:33,2020-12-29 13:49:00,contain_institution_successful_risk.,Education teacher everybody strong best all. Approach Mr time.,0,2020-08-25 07:05:38,0,20522626137,Los Angeles
1,30521389633,Officer senior course place list find cost.,Senior current energy reduce value. American performance from.,0,2019-01-16 08:40:44,2020-09-26 09:14:56,officer_senior_course_place_list_find_cost.,Stuff training in evening agent our. Trial almost hundred. Remain all prove your be travel.,0,2020-03-20 16:22:54,1,20710824863,Los Angeles
1,37126626029,Weight college huge.,Be air report present charge.,1,2019-07-30 00:46:30,2020-12-29 21:42:58,weight_college_huge.,Campaign growth economic good. Marriage force yeah. President sound generation weight especially project measure.,1,2020-03-17 23:19:50,0,39362531827,Los Angeles
1,78037666292,Break trial nor free system executive.,Cost morning magazine article former with. Back decision maybe thousand. Scientist level past.,1,2020-06-03 15:18:49,2020-11-29 02:34:17,break_trial_nor_free_system_executive.,Though any visit face interest. Mention choice list less individual walk interest.,1,2020-11-27 13:01:29,1,31930182711,Los Angeles
1,93004136572,Nearly personal someone suddenly.,Oil financial budget realize four Republican. Cold budget step ground.,0,2019-05-15 01:45:40,2020-09-17 06:36:07,nearly_personal_someone_suddenly.,Good believe set career effect become fund. New method player hear something eat.,0,2020-04-27 14:55:40,1,51921465241,Los Angeles
1,17766185466,Away know both behavior.,Voice record land letter same moment phone morning. Others thought anyone inside successful lay set. Authority son despite painting training.,0,2019-08-18 07:31:45,2020-09-26 19:59:25,away_know_both_behavior.,Test left approach force report sometimes. Despite development administration tonight series economic.,0,2021-01-08 06:42:50,0,38523990431,Los Angeles
1,83666938310,End green word during likely spring.,Project instead rich color whatever join. Spring short theory term. Arm certainly knowledge argue ever remain necessary.,1,2020-11-02 07:39:34,2020-11-20 02:50:36,end_green_word_during_likely_spring.,Interview provide officer moment kind. Road key myself fact safe provide.,0,2020-04-25 07:10:24,0,75464053272,Los Angeles
0,22009933639,Thank dog all environment.,Participant scientist trial such information within he. Cup today within benefit town kitchen yet. Long for will ten any network.,1,2020-10-28 13:33:42,2021-01-21 06:48:58,thank_dog_all_environment.,Media into toward probably type. Spend military sure decide window more. Focus environment experience PM entire same all.,0,2020-06-05 06:43:37,0,16855620403,Los Angeles
1,98081560032,Agree know site against agreement all American.,Ahead family energy. Cell reality Congress how. Shake star right talk authority spring.,1,2019-04-15 13:08:33,2020-03-24 06:52:32,agree_know_site_against_agreement_all_american.,Large wear view on television ten too brother. Imagine spend score growth recognize gas. Share establish drop specific side bit. Sure view song ten cause.,1,2020-06-10 10:28:13,0,95764259572,Los Angeles
1,38843753342,Move sport eight effort discover.,Key network discuss hand blood democratic. Positive own guess past go prove political. Home spring picture.,1,2019-10-29 11:15:20,2020-06-13 19:20:50,move_sport_eight_effort_discover.,Receive budget early indeed positive child. Dinner organization between subject present account seat. Watch them check social clearly ground part.,0,2020-06-29 13:31:37,1,90625548909,Los Angeles
0,85373199697,Board rise start mouth present cost.,Mrs over news. Meeting small surface room project short.,1,2020-10-16 12:00:31,2021-02-13 20:08:59,board_rise_start_mouth_present_cost.,Manage he organization most crime result. Stay too pretty. As mind adult.,1,2021-01-26 17:02:00,0,44479145527,Los Angeles
1,66881488684,Remember year ability short player bill.,Usually tell couple old discuss guess arm. Wonder relate expect two along.,0,2019-10-05 08:17:50,2019-12-30 03:20:29,remember_year_ability_short_player_bill.,Also ten marriage. Lot other investment answer reflect medical. Protect final sit threat yes environment cultural. Piece collection performance account sort politics when.,1,2020-07-07 16:57:46,0,50425317598,Los Angeles
0,94355578917,Friend likely two investment firm political score.,Might write could. Sure stage owner pull.,1,2020-08-08 00:36:34,2021-02-12 18:32:20,friend_likely_two_investment_firm_political_score.,Nor could write democratic.,0,2020-10-06 07:51:09,1,41472748527,Los Angeles
1,14951630870,Tax stock attention star.,Pay too magazine upon lot. Medical behind law them hand provide. Beyond each national language.,0,2020-04-26 01:16:29,2020-07-10 07:59:26,tax_stock_attention_star.,What develop public not two before. Form political network wind. System hear next talk across. After poor hospital chance because.,1,2021-02-15 03:49:35,0,37203754608,Los Angeles
1,28531310906,Mother loss now a list operation task.,Some various entire value force. Issue into rather performance goal share. Put wide but.,1,2020-10-02 19:42:38,2021-01-21 03:06:34,mother_loss_now_a_list_operation_task.,Box thus future reflect production. Animal whether describe standard art our.,1,2020-11-17 21:21:02,1,68227511114,Los Angeles
0,67973767388,Task edge manager partner radio.,Eat much put various. Ball when onto deal short. Group art size goal officer specific data.,1,2020-10-10 03:26:47,2021-01-29 00:24:53,task_edge_manager_partner_radio.,Help stuff professional. Soldier important happy control. Million about real bar thousand risk. Return decide news ground too article left.,1,2020-04-24 01:34:09,0,67180534243,Los Angeles
0,95005639326,Phone do whom relate most budget around.,Car onto officer issue. Local you actually million station. Major wind player world environment. Save avoid campaign child voice per show.,0,2019-06-04 08:24:14,2020-01-04 17:11:13,phone_do_whom_relate_most_budget_around.,Important recent television PM design stand item time. Father interesting both lay mention gas. Western outside owner else why.,1,2020-11-14 23:39:32,1,32011386029,Los Angeles
0,22355598616,Lead relate increase operation throughout executive song.,Contain decide model if make argue technology. Stand none member process others popular student. Data heavy old.,1,2020-09-07 15:07:17,2021-02-03 10:10:51,lead_relate_increase_operation_throughout_executive_song.,Executive mother approach method quite something. Style each upon heart mission he.,1,2020-05-14 06:35:29,1,23624164661,Los Angeles
1,87682324858,Energy accept room amount four far.,Yet leg seat price address. Common piece treat recognize.,1,2020-12-16 03:17:05,2021-02-12 07:36:36,energy_accept_room_amount_four_far.,Commercial hard nice trip brother. Itself event rate bill west.,1,2020-09-22 12:56:09,0,43168825506,Los Angeles
1,38053220710,Song forward likely responsibility speak.,Little class class site none. Civil compare have draw.,1,2019-10-24 15:52:50,2021-01-12 14:25:28,song_forward_likely_responsibility_speak.,Democrat somebody ball. Operation effort worker arm same collection month.,0,2020-09-18 13:13:07,0,18006250427,Los Angeles
0,67374276390,Start blue table mean history heart person plan.,Anything like computer material. Staff Democrat real bring world. And loss north catch under health discover.,1,2019-03-23 05:51:47,2019-12-06 11:11:05,start_blue_table_mean_history_heart_person_plan.,Television every free power. Able entire true board box leave.,1,2020-07-07 22:07:31,1,55697272549,Los Angeles
0,40304570077,Minute budget reality sense book require you.,Prepare explain anyone left. Painting sense kind any. Say various spend small pay other much sea.,0,2019-06-22 11:34:51,2019-11-24 13:54:39,minute_budget_reality_sense_book_require_you.,Would often address newspaper party music manager. Set theory test war sing bill.,1,2020-09-15 07:47:50,1,32078231550,Los Angeles
0,88497336689,Poor meet our rate debate government long time.,Cell hot carry response. Deal only try expert support discussion believe.,1,2019-03-02 16:13:23,2020-12-20 15:31:30,poor_meet_our_rate_debate_government_long_time.,Hour join race address. Contain eat morning can. Upon medical draw.,1,2020-09-06 16:36:49,0,32847791727,Los Angeles
1,21908034032,Red travel their traditional.,Make born Democrat remember. Since defense two decide marriage region talk.,1,2019-08-22 01:50:34,2020-04-18 23:09:35,red_travel_their_traditional.,Thing direction have run property explain scientist. Whatever consider likely.,1,2020-06-26 16:32:52,1,78863176807,Los Angeles
1,42437957716,Worker election sign manager.,Happen front though agreement war Congress even century. Try teacher indeed eat economy court.,0,2020-06-20 06:10:21,2020-10-24 14:32:46,worker_election_sign_manager.,Organization social drive government. Sign room especially card she political door.,1,2020-05-01 03:31:19,0,85068922306,Los Angeles
0,42959303247,Area play across improve too politics.,Show some fall. Phone particular charge.,1,2019-01-17 20:55:42,2021-01-23 22:16:46,area_play_across_improve_too_politics.,This continue check ready represent fact again. Manage realize choose customer result very.,1,2020-10-16 22:49:20,1,35031338552,Los Angeles
1,94355298688,Skin part here serve opportunity.,Hour real throughout information. Gun involve gas else second.,1,2020-07-12 16:23:12,2020-09-08 18:55:16,skin_part_here_serve_opportunity.,Size which develop our far also sit. Early nature relationship run art east.,0,2020-03-22 13:56:41,0,93670355074,Los Angeles
1,68761408637,Cut effort whom feeling up study.,Determine least that interview. Total good begin head house. Sister full example worker old consider.,1,2019-11-24 20:48:31,2020-02-03 13:12:36,cut_effort_whom_feeling_up_study.,Blood account study and his thank. Data allow herself money economy or morning.,0,2021-01-17 16:23:51,1,74352077960,Los Angeles
0,41340222428,Among try collection without.,Anyone occur choose must piece. That drive relationship green recently rich behind. North interview different full because threat.,0,2019-05-30 14:07:52,2020-07-01 12:58:07,among_try_collection_without.,Music development director sound interesting discuss. Itself treat truth travel real. Call citizen summer agreement west thousand want create. Near off nearly simply.,1,2020-09-30 18:13:00,0,61155468891,Los Angeles
